Thales of Miletus ,,,,,,,,,,,,,,,,,,,,,,,,,,,,,,,,,,,,
,,,,,,,,,,,,,,,,,,,,,,,,,,,,,,,,,,,,
['Pythagoras', 'Anaximander', 'Anaximenes of Miletus'],,,,,,,,,,,,,,,,,,,,,,,,,,,,,,,,,,
,,,,,,,,,,,,,,,,,,,,,,,,,,,,,,,,,,,,
['Babylonian astronomy', 'Ancient Egyptian mathematics', 'Ancient Egyptian religion'],,,,,,,,,,,,,,,,,,,,,,,,,,,,,,,,,,
,,,,,,,,,,,,,,,,,,,,,,,,,,,,,,,,,,,,
Pherecydes of Syros ,,,,,,,,,,,,,,,,,,,,,,,,,,,,,,,,,,,,
,,,,,,,,,,,,,,,,,,,,,,,,,,,,,,,,,,,,
['Pythagoras'],,,,,,,,,,,,,,,,,,,,,,,,,,,,,,,,,,,,
,,,,,,,,,,,,,,,,,,,,,,,,,,,,,,,,,,,,
['Hesiod'],,,,,,,,,,,,,,,,,,,,,,,,,,,,,,,,,,,,
,,,,,,,,,,,,,,,,,,,,,,,,,,,,,,,,,,,,
Anaximander of Miletus ,,,,,,,,,,,,,,,,,,,,,,,,,,,,,,,,,,,,
,,,,,,,,,,,,,,,,,,,,,,,,,,,,,,,,,,,,
['Pre-socratic', 'Anaximenes of Miletus', 'Pythagoras', 'Democritus', 'Greek astronomy'],,,,,,,,,,,,,,,,,,,,,,,,,,,,,,,,
,,,,,,,,,,,,,,,,,,,,,,,,,,,,,,,,,,,,
['Thales'],,,,,,,,,,,,,,,,,,,,,,,,,,,,,,,,,,,,
,,,,,,,,,,,,,,,,,,,,,,,,,,,,,,,,,,,,
Anaximenes of Miletus ,,,,,,,,,,,,,,,,,,,,,,,,,,,,,,,,,,,,
,,,,,,,,,,,,,,,,,,,,,,,,,,,,,,,,,,,,
[],,,,,,,,,,,,,,,,,,,,,,,,,,,,,,,,,,,,
,,,,,,,,,,,,,,,,,,,,,,,,,,,,,,,,,,,,
['Thales of Miletus'],,,,,,,,,,,,,,,,,,,,,,,,,,,,,,,,,,,,
,,,,,,,,,,,,,,,,,,,,,,,,,,,,,,,,,,,,
Pythagoras of Samos ,,,,,,,,,,,,,,,,,,,,,,,,,,,,,,,,,,,,
,,,,,,,,,,,,,,,,,,,,,,,,,,,,,,,,,,,,
['Plato'],,,,,,,,,,,,,,,,,,,,,,,,,,,,,,,,,,,,
,,,,,,,,,,,,,,,,,,,,,,,,,,,,,,,,,,,,
['Thales of Miletus', 'Anaximander', 'Pherecydes of Syros', 'Themistoclea'],,,,,,,,,,,,,,,,,,,,,,,,,,,,,,,,,
,,,,,,,,,,,,,,,,,,,,,,,,,,,,,,,,,,,,
Xenophanes of Colophon ,,,,,,,,,,,,,,,,,,,,,,,,,,,,,,,,,,,,
,,,,,,,,,,,,,,,,,,,,,,,,,,,,,,,,,,,,
['Heraclitus', 'Epicharmus'],,,,,,,,,,,,,,,,,,,,,,,,,,,,,,,,,,,
,,,,,,,,,,,,,,,,,,,,,,,,,,,,,,,,,,,,
['Thales', 'Epimenides', 'Pythagoras'],,,,,,,,,,,,,,,,,,,,,,,,,,,,,,,,,,
,,,,,,,,,,,,,,,,,,,,,,,,,,,,,,,,,,,,
Heraclitus of Ephesus ,,,,,,,,,,,,,,,,,,,,,,,,,,,,,,,,,,,,
,,,,,,,,,,,,,,,,,,,,,,,,,,,,,,,,,,,,
['Parmenides', 'Plato', 'Aristotle', 'Socrates', 'Stoicism', 'Hegel', 'Friedrich Engels', 'Friedrich Nietzsche', 'Martin Heidegger', 'Alfred North Whitehead', 'Oswald Spengler', 'Karl Popper', 'Terence McKenna', 'Walter Pater', 'D. H. Lawrence'],,,,,,,,,,,,,,,,,,,,,,
,,,,,,,,,,,,,,,,,,,,,,,,,,,,,,,,,,,,
['Anaximander', 'Pythagoras', 'Bias of Priene', 'Zoroaster', 'Homer'],,,,,,,,,,,,,,,,,,,,,,,,,,,,,,,,
,,,,,,,,,,,,,,,,,,,,,,,,,,,,,,,,,,,,
Parmenides of Elea ,,,,,,,,,,,,,,,,,,,,,,,,,,,,,,,,,,,,
,,,,,,,,,,,,,,,,,,,,,,,,,,,,,,,,,,,,
['Zeno of Elea', 'Melissus of Samos', 'Socrates', 'Plato', 'Aristotle', 'Baruch Spinoza', 'Friedrich Nietzsche', 'Martin Heidegger', 'Emanuele Severino'],,,,,,,,,,,,,,,,,,,,,,,,,,,,
,,,,,,,,,,,,,,,,,,,,,,,,,,,,,,,,,,,,
['Pythagoras', 'Xenophanes', 'Heraclitus'],,,,,,,,,,,,,,,,,,,,,,,,,,,,,,,,,,
,,,,,,,,,,,,,,,,,,,,,,,,,,,,,,,,,,,,
Anaxagoras of Clazomenae ,,,,,,,,,,,,,,,,,,,,,,,,,,,,,,,,,,,,
,,,,,,,,,,,,,,,,,,,,,,,,,,,,,,,,,,,,
['Archelaus', 'Pericles', 'Socrates'],,,,,,,,,,,,,,,,,,,,,,,,,,,,,,,,,,
,,,,,,,,,,,,,,,,,,,,,,,,,,,,,,,,,,,,
['Milesian school'],,,,,,,,,,,,,,,,,,,,,,,,,,,,,,,,,,,,
,,,,,,,,,,,,,,,,,,,,,,,,,,,,,,,,,,,,
Empedocles ,,,,,,,,,,,,,,,,,,,,,,,,,,,,,,,,,,,,
,,,,,,,,,,,,,,,,,,,,,,,,,,,,,,,,,,,,
['Gorgias', 'Aristotle', 'Lucretius', 'Friedrich Nietzsche'],,,,,,,,,,,,,,,,,,,,,,,,,,,,,,,,,
,,,,,,,,,,,,,,,,,,,,,,,,,,,,,,,,,,,,
['Parmenides', 'Pythagoras'],,,,,,,,,,,,,,,,,,,,,,,,,,,,,,,,,,,
,,,,,,,,,,,,,,,,,,,,,,,,,,,,,,,,,,,,
Zeno of Elea ,,,,,,,,,,,,,,,,,,,,,,,,,,,,,,,,,,,,
,,,,,,,,,,,,,,,,,,,,,,,,,,,,,,,,,,,,
['Plato', 'Aristotle', 'Protagoras', 'Gorgias'],,,,,,,,,,,,,,,,,,,,,,,,,,,,,,,,,
,,,,,,,,,,,,,,,,,,,,,,,,,,,,,,,,,,,,
['Parmenides'],,,,,,,,,,,,,,,,,,,,,,,,,,,,,,,,,,,,
,,,,,,,,,,,,,,,,,,,,,,,,,,,,,,,,,,,,
Protagoras of Abdera ,,,,,,,,,,,,,,,,,,,,,,,,,,,,,,,,,,,,
,,,,,,,,,,,,,,,,,,,,,,,,,,,,,,,,,,,,
['Plato', 'Jeremy Bentham', 'Friedrich Nietzsche', 'F.C.S. Schiller'],,,,,,,,,,,,,,,,,,,,,,,,,,,,,,,,,
,,,,,,,,,,,,,,,,,,,,,,,,,,,,,,,,,,,,
['Democritus', 'Parmenides'],,,,,,,,,,,,,,,,,,,,,,,,,,,,,,,,,,,
,,,,,,,,,,,,,,,,,,,,,,,,,,,,,,,,,,,,
Gorgias ,,,,,,,,,,,,,,,,,,,,,,,,,,,,,,,,,,,,
,,,,,,,,,,,,,,,,,,,,,,,,,,,,,,,,,,,,
['Plato', 'Antisthenes', 'Pericles'],,,,,,,,,,,,,,,,,,,,,,,,,,,,,,,,,,
,,,,,,,,,,,,,,,,,,,,,,,,,,,,,,,,,,,,
['Empedocles', 'Parmenides', 'Zeno of Elea'],,,,,,,,,,,,,,,,,,,,,,,,,,,,,,,,,,
,,,,,,,,,,,,,,,,,,,,,,,,,,,,,,,,,,,,
Leucippus of Miletus ,,,,,,,,,,,,,,,,,,,,,,,,,,,,,,,,,,,,
,,,,,,,,,,,,,,,,,,,,,,,,,,,,,,,,,,,,
['Democritus'],,,,,,,,,,,,,,,,,,,,,,,,,,,,,,,,,,,,
,,,,,,,,,,,,,,,,,,,,,,,,,,,,,,,,,,,,
['Zeno of Elea'],,,,,,,,,,,,,,,,,,,,,,,,,,,,,,,,,,,,
,,,,,,,,,,,,,,,,,,,,,,,,,,,,,,,,,,,,
Democritus of Abdera ,,,,,,,,,,,,,,,,,,,,,,,,,,,,,,,,,,,,
,,,,,,,,,,,,,,,,,,,,,,,,,,,,,,,,,,,,
['Epicurus', 'Pyrrho', 'Lucretius', 'Aristotle', 'Montaigne', 'Marco Aurelio Severino', 'Baruch Spinoza', 'George Santayana', 'Karl Marx', 'Friedrich Nietzsche', 'Michel Onfray'],,,,,,,,,,,,,,,,,,,,,,,,,,
,,,,,,,,,,,,,,,,,,,,,,,,,,,,,,,,,,,,
['Leucippus', 'Melissus of Samos'],,,,,,,,,,,,,,,,,,,,,,,,,,,,,,,,,,,
,,,,,,,,,,,,,,,,,,,,,,,,,,,,,,,,,,,,
Melissus of Samos ,,,,,,,,,,,,,,,,,,,,,,,,,,,,,,,,,,,,
,,,,,,,,,,,,,,,,,,,,,,,,,,,,,,,,,,,,
[],,,,,,,,,,,,,,,,,,,,,,,,,,,,,,,,,,,,
,,,,,,,,,,,,,,,,,,,,,,,,,,,,,,,,,,,,
['Parmenides'],,,,,,,,,,,,,,,,,,,,,,,,,,,,,,,,,,,,
,,,,,,,,,,,,,,,,,,,,,,,,,,,,,,,,,,,,
Antisthenes ,,,,,,,,,,,,,,,,,,,,,,,,,,,,,,,,,,,,
,,,,,,,,,,,,,,,,,,,,,,,,,,,,,,,,,,,,
['Diogenes of Sinope', 'Crates of Thebes', 'Stoicism'],,,,,,,,,,,,,,,,,,,,,,,,,,,,,,,,,,
,,,,,,,,,,,,,,,,,,,,,,,,,,,,,,,,,,,,
['Socrates', 'Gorgias'],,,,,,,,,,,,,,,,,,,,,,,,,,,,,,,,,,,
,,,,,,,,,,,,,,,,,,,,,,,,,,,,,,,,,,,,
Aristippus of Cyrene ,,,,,,,,,,,,,,,,,,,,,,,,,,,,,,,,,,,,
,,,,,,,,,,,,,,,,,,,,,,,,,,,,,,,,,,,,
['Arete of Cyrene', 'Aristippus the Younger', 'Anniceris', 'Hegesias of Cyrene', 'Theodorus the Atheist', 'Epicurus', 'Michel Onfray'],,,,,,,,,,,,,,,,,,,,,,,,,,,,,,
,,,,,,,,,,,,,,,,,,,,,,,,,,,,,,,,,,,,
['Socrates'],,,,,,,,,,,,,,,,,,,,,,,,,,,,,,,,,,,,
,,,,,,,,,,,,,,,,,,,,,,,,,,,,,,,,,,,,
Plato ,,,,,,,,,,,,,,,,,,,,,,,,,,,,,,,,,,,,
,,,,,,,,,,,,,,,,,,,,,,,,,,,,,,,,,,,,
[],,,,,,,,,,,,,,,,,,,,,,,,,,,,,,,,,,,,
,,,,,,,,,,,,,,,,,,,,,,,,,,,,,,,,,,,,
['Socrates', 'Parmenides', 'Pythagoras', 'Diotima of Mantinea', 'Heraclitus'],,,,,,,,,,,,,,,,,,,,,,,,,,,,,,,,
,,,,,,,,,,,,,,,,,,,,,,,,,,,,,,,,,,,,
Speusippus ,,,,,,,,,,,,,,,,,,,,,,,,,,,,,,,,,,,,
,,,,,,,,,,,,,,,,,,,,,,,,,,,,,,,,,,,,
['Xenocrates'],,,,,,,,,,,,,,,,,,,,,,,,,,,,,,,,,,,,
,,,,,,,,,,,,,,,,,,,,,,,,,,,,,,,,,,,,
['Plato', 'Pythagoreanism'],,,,,,,,,,,,,,,,,,,,,,,,,,,,,,,,,,,
,,,,,,,,,,,,,,,,,,,,,,,,,,,,,,,,,,,,
Diogenes of Sinope ,,,,,,,,,,,,,,,,,,,,,,,,,,,,,,,,,,,,
,,,,,,,,,,,,,,,,,,,,,,,,,,,,,,,,,,,,
['Crates of Thebes', 'other   Cynicism (philosophy)|Cynics  ', 'the   Stoics  ', 'Wolfi Landstreicher', 'Han Ryner', 'Michel Onfray', 'Soren Kierkegaard'],,,,,,,,,,,,,,,,,,,,,,,,,,,,,,
,,,,,,,,,,,,,,,,,,,,,,,,,,,,,,,,,,,,
['Antisthenes', 'Socrates'],,,,,,,,,,,,,,,,,,,,,,,,,,,,,,,,,,,
,,,,,,,,,,,,,,,,,,,,,,,,,,,,,,,,,,,,
Xenocrates ,,,,,,,,,,,,,,,,,,,,,,,,,,,,,,,,,,,,
,,,,,,,,,,,,,,,,,,,,,,,,,,,,,,,,,,,,
['Polemon (scholarch)', 'Crantor', 'and many other'],,,,,,,,,,,,,,,,,,,,,,,,,,,,,,,,,,
,,,,,,,,,,,,,,,,,,,,,,,,,,,,,,,,,,,,
['Plato', 'Speusippus', 'Pythagoreanism'],,,,,,,,,,,,,,,,,,,,,,,,,,,,,,,,,,
,,,,,,,,,,,,,,,,,,,,,,,,,,,,,,,,,,,,
Theophrastus ,,,,,,,,,,,,,,,,,,,,,,,,,,,,,,,,,,,,
,,,,,,,,,,,,,,,,,,,,,,,,,,,,,,,,,,,,
['Strato of Lampsacus', 'Alexander of Aphrodisias', 'and the entire   Peripatetic school  '],,,,,,,,,,,,,,,,,,,,,,,,,,,,,,,,,,
,,,,,,,,,,,,,,,,,,,,,,,,,,,,,,,,,,,,
['Aristotle', 'Plato'],,,,,,,,,,,,,,,,,,,,,,,,,,,,,,,,,,,
,,,,,,,,,,,,,,,,,,,,,,,,,,,,,,,,,,,,
Pyrrho of Elis ,,,,,,,,,,,,,,,,,,,,,,,,,,,,,,,,,,,,
,,,,,,,,,,,,,,,,,,,,,,,,,,,,,,,,,,,,
['Arcesilaus', 'Crates of Athens', 'Carneades', 'Timon of Phlius', 'Epicurus', 'Aenesidemus', 'Sextus Empiricus', 'David Hume', 'Theodorus the Atheist'],,,,,,,,,,,,,,,,,,,,,,,,,,,,
,,,,,,,,,,,,,,,,,,,,,,,,,,,,,,,,,,,,
['Democritus', 'Gautama Buddha', 'Protagoras', 'Socrates'],,,,,,,,,,,,,,,,,,,,,,,,,,,,,,,,,
,,,,,,,,,,,,,,,,,,,,,,,,,,,,,,,,,,,,
Strato of Lampsacus ,,,,,,,,,,,,,,,,,,,,,,,,,,,,,,,,,,,,
,,,,,,,,,,,,,,,,,,,,,,,,,,,,,,,,,,,,
['Pierre Bayle'],,,,,,,,,,,,,,,,,,,,,,,,,,,,,,,,,,,,
,,,,,,,,,,,,,,,,,,,,,,,,,,,,,,,,,,,,
['Aristotle', 'Theophrastus'],,,,,,,,,,,,,,,,,,,,,,,,,,,,,,,,,,,
,,,,,,,,,,,,,,,,,,,,,,,,,,,,,,,,,,,,
Epicurus ,,,,,,,,,,,,,,,,,,,,,,,,,,,,,,,,,,,,
,,,,,,,,,,,,,,,,,,,,,,,,,,,,,,,,,,,,
['Seneca the Younger', 'Hermarchus', 'Lucretius', 'Jeremy Bentham', 'Thomas Jefferson', 'Karl Marx', 'Metrodorus of Lampsacus (the younger)', 'David Hume', 'Philodemus', 'Pierre Gassendi'],,,,,,,,,,,,,,,,,,,,,,,,,,,
,,,,,,,,,,,,,,,,,,,,,,,,,,,,,,,,,,,,
['Democritus'],,,,,,,,,,,,,,,,,,,,,,,,,,,,,,,,,,,,
,,,,,,,,,,,,,,,,,,,,,,,,,,,,,,,,,,,,
Zeno of Citium ,,,,,,,,,,,,,,,,,,,,,,,,,,,,,,,,,,,,
,,,,,,,,,,,,,,,,,,,,,,,,,,,,,,,,,,,,
['Cleanthes', 'Chrysippus', 'Panaetius', 'Posidonius', 'Seneca the Younger', 'Epictetus', 'Marcus Aurelius', 'and many other'],,,,,,,,,,,,,,,,,,,,,,,,,,,,,
,,,,,,,,,,,,,,,,,,,,,,,,,,,,,,,,,,,,
['Socrates', 'Crates of Thebes', 'Diodorus Cronus', 'Heraclitus', 'Hipparchia of Maroneia', 'Philo the Dialectician', 'Polemon (scholarch)', 'Stilpo'],,,,,,,,,,,,,,,,,,,,,,,,,,,,,
,,,,,,,,,,,,,,,,,,,,,,,,,,,,,,,,,,,,
Chrysippus of Soli ,,,,,,,,,,,,,,,,,,,,,,,,,,,,,,,,,,,,
,,,,,,,,,,,,,,,,,,,,,,,,,,,,,,,,,,,,
['Stoic schoo'],,,,,,,,,,,,,,,,,,,,,,,,,,,,,,,,,,,,
,,,,,,,,,,,,,,,,,,,,,,,,,,,,,,,,,,,,
['Zeno of Citium', 'Cleanthes', 'Diodorus Cronus', 'Philo the Dialectician', 'Aristotle', 'Plato'],,,,,,,,,,,,,,,,,,,,,,,,,,,,,,,
,,,,,,,,,,,,,,,,,,,,,,,,,,,,,,,,,,,,
Carneades ,,,,,,,,,,,,,,,,,,,,,,,,,,,,,,,,,,,,
,,,,,,,,,,,,,,,,,,,,,,,,,,,,,,,,,,,,
['Clitomachus', 'Philo of Larissa', 'Sextus Empiricus'],,,,,,,,,,,,,,,,,,,,,,,,,,,,,,,,,,
,,,,,,,,,,,,,,,,,,,,,,,,,,,,,,,,,,,,
['Plato', 'Arcesilaus', 'Diogenes of Babylon'],,,,,,,,,,,,,,,,,,,,,,,,,,,,,,,,,,
,,,,,,,,,,,,,,,,,,,,,,,,,,,,,,,,,,,,
Lucretius ,,,,,,,,,,,,,,,,,,,,,,,,,,,,,,,,,,,,
,,,,,,,,,,,,,,,,,,,,,,,,,,,,,,,,,,,,
['Cicero', 'Virgil', 'Pierre Gassendi', 'Stephen Greenblatt', 'Karl Marx', 'Sigmund Freud', 'Charles Darwin', 'Arthur Schopenhauer', 'Friedrich Nietzsche', 'Gilles Deleuze', 'Montaigne'],,,,,,,,,,,,,,,,,,,,,,,,,,
,,,,,,,,,,,,,,,,,,,,,,,,,,,,,,,,,,,,
['Gaius Memmius (poet)', 'Epicurus', 'Socrates', 'Plato', 'Aristotle'],,,,,,,,,,,,,,,,,,,,,,,,,,,,,,,,
,,,,,,,,,,,,,,,,,,,,,,,,,,,,,,,,,,,,
Philo ,,,,,,,,,,,,,,,,,,,,,,,,,,,,,,,,,,,,
,,,,,,,,,,,,,,,,,,,,,,,,,,,,,,,,,,,,
[],,,,,,,,,,,,,,,,,,,,,,,,,,,,,,,,,,,,
,,,,,,,,,,,,,,,,,,,,,,,,,,,,,,,,,,,,
['Pythagoras'],,,,,,,,,,,,,,,,,,,,,,,,,,,,,,,,,,,,
,,,,,,,,,,,,,,,,,,,,,,,,,,,,,,,,,,,,
Seneca the Younger ,,,,,,,,,,,,,,,,,,,,,,,,,,,,,,,,,,,,
,,,,,,,,,,,,,,,,,,,,,,,,,,,,,,,,,,,,
[],,,,,,,,,,,,,,,,,,,,,,,,,,,,,,,,,,,,
,,,,,,,,,,,,,,,,,,,,,,,,,,,,,,,,,,,,
['Plato', 'Epicurus', 'Zeno of Citium', 'Cleanthes', 'Chrysippus', 'Publilius Syrus', 'Attalus (Stoic)', 'Sotion (Pythagorean)'],,,,,,,,,,,,,,,,,,,,,,,,,,,,,
,,,,,,,,,,,,,,,,,,,,,,,,,,,,,,,,,,,,
Augustine of Hippo ,,,,,,,,,,,,,,,,,,,,,,,,,,,,,,,,,,,,
,,,,,,,,,,,,,,,,,,,,,,,,,,,,,,,,,,,,
['Hannah Arendt', 'Thomas Aquinas', 'Bernard of Clairvaux', 'Saint Bonaventure', 'John Calvin', 'Rene Descartes', 'Martin Heidegger', 'Edmund Husserl', 'Cornelius Jansen', 'Soren Kierkegaard', 'Martin Luther', 'Nicolas Malebranche', 'Antonio Negri', 'John Henry Newman', 'Orosius', 'Benedict XVI', 'Jean-Paul Sartre', 'Carl Schmitt', 'J. R. R. Tolkien', 'Ludwig Wittgenstein'],,,,,,,,,,,,,,,,,
,,,,,,,,,,,,,,,,,,,,,,,,,,,,,,,,,,,,
['Ambrose', 'Anthony the Great', 'Cicero', 'Cyprian', 'Saint Monica', 'Paul the Apostle', 'Plato', 'Plotinus'],,,,,,,,,,,,,,,,,,,,,,,,,,,,,
,,,,,,,,,,,,,,,,,,,,,,,,,,,,,,,,,,,,
Ibn Sina ,,,,,,,,,,,,,,,,,,,,,,,,,,,,,,,,,,,,
,,,,,,,,,,,,,,,,,,,,,,,,,,,,,,,,,,,,
['Al-Biruni',Averroes','Albertus Magnus',Maimonides',Thomas Aquinas',William of Ockham',Age of Enlightenment','Hossein Nasr'],,,,,,,,,,,,,,,,,,,,,,,,,,,,,
,,,,,,,,,,,,,,,,,,,,,,,,,,,,,,,,,,,,
['Hippocrates',Aristotle',Galen',Al-Biruni'],Plato',al-Kindi',al-Farabi'],,,,,,,,,,,,,,,,,,,,,,,,,,,,,,
,,,,,,,,,,,,,,,,,,,,,,,,,,,,,,,,,,,,
Averroes ,,,,,,,,,,,,,,,,,,,,,,,,,,,,,,,,,,,,
,,,,,,,,,,,,,,,,,,,,,,,,,,,,,,,,,,,,
['Maimonides', 'Samuel ibn Tibbon', 'Siger of Brabant', 'Boethius of Dacia', 'Thomas Aquinas', 'John of Jandun', 'Marsilius of Padua', 'Gaetano da Thiene (philosopher)', 'Pietro Pomponazzi', 'Agostino Nifo', 'Marcantonio Zimara'],,,,,,,,,,,,,,,,,,,,,,,,,,
,,,,,,,,,,,,,,,,,,,,,,,,,,,,,,,,,,,,
['Aristotle', 'Plato', 'Al-Farabi', 'Avicenna', 'Al-Ghazali', 'Ibn Bajja'],,,,,,,,,,,,,,,,,,,,,,,,,,,,,,,
,,,,,,,,,,,,,,,,,,,,,,,,,,,,,,,,,,,,
Maimonides ,,,,,,,,,,,,,,,,,,,,,,,,,,,,,,,,,,,,
,,,,,,,,,,,,,,,,,,,,,,,,,,,,,,,,,,,,
['Jeremiah Stamler', 'Baruch Spinoza', 'Albertus Magnus', 'Thomas Aquinas', 'James Joyce', 'Jean Bodin', 'Gottfried Leibniz', 'Isaac Newton', 'Leo Strauss', 'Michael Friedländer', 'Emmanuel Levinas'],,,,,,,,,,,,,,,,,,,,,,,,,,
,,,,,,,,,,,,,,,,,,,,,,,,,,,,,,,,,,,,
['Talmud', 'Aristotle', 'al-Farabi', 'Avicenna', 'Avempace', 'Averroes', 'Al-Ghazali'],,,,,,,,,,,,,,,,,,,,,,,,,,,,,,
,,,,,,,,,,,,,,,,,,,,,,,,,,,,,,,,,,,,
Thomas Hobbes ,,,,,,,,,,,,,,,,,,,,,,,,,,,,,,,,,,,,
,,,,,,,,,,,,,,,,,,,,,,,,,,,,,,,,,,,,
['Western political philosophy],,,,,,,,,,,,,,,,,,,,,,,,,,,,,,,,,,,,
,,,,,,,,,,,,,,,,,,,,,,,,,,,,,,,,,,,,
['Aristotle', 'Thucydides', 'Tacitus', 'Rene Descartes', 'Hugo Grotius', 'Niccolò Machiavelli', 'Francis Bacon', 'Roger Bacon', 'Robert Grosseteste'],,,,,,,,,,,,,,,,,,,,,,,,,,,,
,,,,,,,,,,,,,,,,,,,,,,,,,,,,,,,,,,,,
Baruch Spinoza ,,,,,,,,,,,,,,,,,,,,,,,,,,,,,,,,,,,,
,,,,,,,,,,,,,,,,,,,,,,,,,,,,,,,,,,,,
['Enlightenment philosophy', 'Arthur Schopenhauer', 'Jorge Luis Borges', 'Hegel', 'Jean-Jacques Rousseau', 'Friedrich Wilhelm Joseph Schelling', 'Arne Næss', 'Karl Heinrich Marx', 'Gabriel Wagner', 'Donald Davidson (philosopher)', 'Gilles Deleuze', 'Albert Einstein', 'George Eliot', 'Fichte', 'Johann Gottfried von Herder', 'Novalis', 'Gottfried Leibniz', 'Johann Wolfgang von Goethe', 'Charles Renouvier', 'Friedrich Nietzsche', 'Bertrand Russell', 'Ludwig Wittgenstein', 'Sigmund Freud', 'Miguel de Unamuno', 'Louis Althusser', 'Étienne Balibar', 'Michael Hardt', 'Evald Ilyenkov', 'Antonio Negri', 'George Santayana', 'Samuel Taylor Coleridge', 'Gotthold Ephraim Lessing', 'Leo Strauss', 'Leszek Kołakowski', 'Irvin D. Yalom'],,
,,,,,,,,,,,,,,,,,,,,,,,,,,,,,,,,,,,,
['Rene Descartes',Stoicism',Maimonides',Abraham ibn Ezra',Avicenna',Averroes',Maimonides',Aristotle',Democritus',Lucretius',Epicurus',Niccolo Machiavelli',Thomas Hobbes',Giordano Bruno',Franciscus van den Enden','Menasseh Ben Israel'],,,,,,,,,,,,,,,,,,,,,
,,,,,,,,,,,,,,,,,,,,,,,,,,,,,,,,,,,,
John Locke ,,,,,,,,,,,,,,,,,,,,,,,,,,,,,,,,,,,,
,,,,,,,,,,,,,,,,,,,,,,,,,,,,,,,,,,,,
['David Hume', 'Immanuel Kant', 'George Berkeley', 'Voltaire', 'Jean–Jacques Rousseau ', 'Anthony Ashley-Cooper', '3rd Earl of Shaftesbury', 'Founding Fathers of the United States'],,,,,,,,,,,,,,,,,,,,,,,,,,,,,
,,,,,,,,,,,,,,,,,,,,,,,,,,,,,,,,,,,,
['Hugo Grotius', 'Rene Descartes', 'Robert Filmer', 'Samuel von Pufendorf', 'Thomas Hobbes', 'Damaris Cudworth Masham'],,,,,,,,,,,,,,,,,,,,,,,,,,,,,,,
,,,,,,,,,,,,,,,,,,,,,,,,,,,,,,,,,,,,
Gottfried Leibniz ,,,,,,,,,,,,,,,,,,,,,,,,,,,,,,,,,,,,
,,,,,,,,,,,,,,,,,,,,,,,,,,,,,,,,,,,,
['George Berkeley', 'Ernst Platner', 'Voltaire', 'David Hume', 'Immanuel Kant', 'Bertrand Russell', 'George Boole', 'Norbert Wiener', 'Kurt Gödel', 'Bernhard Riemann', 'Carl Friedrich Gauss', 'Joseph-Louis Lagrange', 'Leonhard Euler', 'Martin Heidegger', 'Charles Sanders Peirce', 'Alfred Tarski', 'Benoit Mandelbrot', 'Wilhelm Wundt', 'Gottlob Frege', 'Nicholas Rescher', 'Walter Rauschenbusch'],,,,,,,,,,,,,,,,
,,,,,,,,,,,,,,,,,,,,,,,,,,,,,,,,,,,,
['Scholasticism', 'Aristotle', 'Archimedes', 'Euclid', 'Apollonius of Perga', 'Plato', 'Francisco Suárez', 'Anne Conway', 'Rene Descartes', 'Thomas Hobbes', 'Nicolas Malebranche', 'Baruch Spinoza', 'Jacques-Bénigne Bossuet', 'Blaise Pascal', 'Confucius'],,,,,,,,,,,,,,,,,,,,,,
,,,,,,,,,,,,,,,,,,,,,,,,,,,,,,,,,,,,
Jean–Jacques Rousseau ,,,,,,,,,,,,,,,,,,,,,,,,,,,,,,,,,,,,
,,,,,,,,,,,,,,,,,,,,,,,,,,,,,,,,,,,,
['Immanuel Kant', 'French Revolution', 'American Revolution', 'Maximilien Robespierre', 'Louis Antoine de Saint-Just', 'Counter-Enlightenment', 'Romanticism', 'David Hume', 'Thomas Paine', 'Adam Smith', 'Mary Wollstonecraft', 'Hegel', 'Karl Marx', 'Friedrich Engels', 'Jacques Derrida', 'Marquis de Sade', 'Leo Strauss', 'Maria Montessori', 'Johann Wolfgang von Goethe', 'Leo Tolstoy', 'John Dewey', 'Dimitri Kitsikis', 'Madame de Stael', 'Arthur Schopenhauer'],,,,,,,,,,,,,
,,,,,,,,,,,,,,,,,,,,,,,,,,,,,,,,,,,,
['Plato',Thomas Hobbes',Baruch Spinoza','John Locke'],,,,,,,,,,,,,,,,,,,,,,,,,,,,,,,,,
,,,,,,,,,,,,,,,,,,,,,,,,,,,,,,,,,,,,
Moses Mendelssohn ,,,,,,,,,,,,,,,,,,,,,,,,,,,,,,,,,,,,
,,,,,,,,,,,,,,,,,,,,,,,,,,,,,,,,,,,,
['David Friedländer', 'Salomon Maimon'],,,,,,,,,,,,,,,,,,,,,,,,,,,,,,,,,,,
,,,,,,,,,,,,,,,,,,,,,,,,,,,,,,,,,,,,
['Maimonides', 'Gotthold Ephraim Lessing', 'David Fränkel'],,,,,,,,,,,,,,,,,,,,,,,,,,,,,,,,,,
,,,,,,,,,,,,,,,,,,,,,,,,,,,,,,,,,,,,
Hegel ,,,,,,,,,,,,,,,,,,,,,,,,,,,,,,,,,,,,
,,,,,,,,,,,,,,,,,,,,,,,,,,,,,,,,,,,,
['Adorno',Slavoj Zizek',Jacques Derrida',Soren Kierkegaard',Karl Marx',Friedrich Nietzsche',Jean-Paul Sartre'],,,,,,,,,,,,,,,,,,,,,,,,,,,,,,
,,,,,,,,,,,,,,,,,,,,,,,,,,,,,,,,,,,,
['Aristotle',Heraclitus',Immanuel Kant',Jean-Jacques Rousseau',Baruch Spinoza',Adam Smith'],,,,,,,,,,,,,,,,,,,,,,,,,,,,,,,
,,,,,,,,,,,,,,,,,,,,,,,,,,,,,,,,,,,,
Soren Kierkegaard ,,,,,,,,,,,,,,,,,,,,,,,,,,,,,,,,,,,,
,,,,,,,,,,,,,,,,,,,,,,,,,,,,,,,,,,,,
['Adorno',Karl Barth',Martin Heidegger',Rollo May',Jean-Paul Sartre',Paul Tillich',Miguel de Unamuno',Jean Wahl',Cornel West','Ludwig Wittgenstein'],,,,,,,,,,,,,,,,,,,,,,,,,,,
,,,,,,,,,,,,,,,,,,,,,,,,,,,,,,,,,,,,
['Rene Descartes',Johann Wolfgang von Goethe',Hegel',Johan Ludvig Heiberg',Immanuel Kant',Poul Martin Møller',Plato',Joseph Schelling',William Shakespeare',Socrates',Christian Wolff'],,,,,,,,,,,,,,,,,,,,,,,,,,
,,,,,,,,,,,,,,,,,,,,,,,,,,,,,,,,,,,,
Friedrich Engels ,,,,,,,,,,,,,,,,,,,,,,,,,,,,,,,,,,,,
,,,,,,,,,,,,,,,,,,,,,,,,,,,,,,,,,,,,
[],,,,,,,,,,,,,,,,,,,,,,,,,,,,,,,,,,,,
,,,,,,,,,,,,,,,,,,,,,,,,,,,,,,,,,,,,
['Hegel', 'Ludwig Feuerbach', 'Max Stirner', 'Adam Smith', 'David Ricardo', 'Karl Marx', 'Jean-Jacques Rousseau', 'Goethe', 'Charles Fourier', 'Moses Hess', 'Lewis H. Morgan', 'Heraclitus'],,,,,,,,,,,,,,,,,,,,,,,,,
,,,,,,,,,,,,,,,,,,,,,,,,,,,,,,,,,,,,
Friedrich Nietzsche ,,,,,,,,,,,,,,,,,,,,,,,,,,,,,,,,,,,,
,,,,,,,,,,,,,,,,,,,,,,,,,,,,,,,,,,,,
['Adorno',Georges Bataille',Albert Camus',Cioran',Deleuze',Jacques Derrida',Paul Feyerabend',Michel Foucault',Sigmund Freud',Emma Goldman',Evola',Heidegger',Muhammad Iqbal',Jung',Walter Kaufmann',Nikos Kazantzakis',Mencken',Jim Morrison',Ayn Rand',Carl Rogers',Richard Rorty',Rilke',Sartre',Savater',Oswald Spengler',Leo Strauss',Max Weber',Bernard Williams',Peter Wessel Zapffe'],,,,,,,,
,,,,,,,,,,,,,,,,,,,,,,,,,,,,,,,,,,,,
['Arthur Schopenhauer',Baruch Spinoza',Charles Darwin',Friedrich Wilhelm Ritschl',Voltaire',Richard Wagner',Fyodor Dostoyevsky',Johann Gottfried Herder',Johann Joachim Winckelmann',Ralph Waldo Emerson',Parmenides',Max Stirner',Heraclitus',Hegel',Johann Wolfgang von Goethe'],,,,,,,,,,,,,,,,,,,,,,
,,,,,,,,,,,,,,,,,,,,,,,,,,,,,,,,,,,,
Ferdinand de Saussure ,,,,,,,,,,,,,,,,,,,,,,,,,,,,,,,,,,,,
,,,,,,,,,,,,,,,,,,,,,,,,,,,,,,,,,,,,
['Roland Barthes', 'Claude Lévi-Strauss', 'Jacques Lacan', 'Louis Althusser', 'Michel Foucault', 'Jacques Derrida', 'Ernesto Laclau', 'Leonard Bloomfield', 'Antoine Meillet', 'Émile Benveniste', 'Roy Harris (linguist)', 'Sebastian Shaumyan', 'Roman Jakobson', 'Maurice Merleau-Ponty', 'Louis Hjelmslev', 'John Rupert Firth', 'William Labov', 'Walker Percy', 'Jan Mukařovský', 'Prague school'],,,,,,,,,,,,,,,,,
,,,,,,,,,,,,,,,,,,,,,,,,,,,,,,,,,,,,
['Émile Durkheim', 'August Leskien', 'Heinrich Zimmer', 'Hermann Oldenberg'],,,,,,,,,,,,,,,,,,,,,,,,,,,,,,,,,
,,,,,,,,,,,,,,,,,,,,,,,,,,,,,,,,,,,,
Edmund Husserl ,,,,,,,,,,,,,,,,,,,,,,,,,,,,,,,,,,,,
,,,,,,,,,,,,,,,,,,,,,,,,,,,,,,,,,,,,
['Phenomenology', 'Hans Blumenberg', 'Rudolf Carnap', 'Jacques Derrida', 'Nader El-Bizri', 'Marvin Farber', 'Eugen Fink', 'Shaun Gallagher', 'Kurt Gödel', 'Martin Heidegger', 'Michel Henry', 'Roman Ingarden', 'Leszek Kołakowski', 'Hans Köchler', 'Ludwig Landgrebe', 'Emmanuel Levinas', 'Gabriel Marcel', 'Jean-Luc Marion', 'Maurice Merleau-Ponty', 'José Ortega y Gasset', 'Jan Patočka', 'Hilary Putnam', 'Adolf Reinach', 'Paul Ricœur', 'Gilbert Ryle', 'Jean-Paul Sartre', 'Max Scheler', 'Alfred Schütz', 'Wilfrid Sellars', 'Edith Stein', 'Bernard Stiegler', 'Leo Strauss', 'Hermann Weyl', 'Dallas Willard', 'John Paul II', 'Dan Zahavi', 'Xavier Zubiri']
,,,,,,,,,,,,,,,,,,,,,,,,,,,,,,,,,,,,
['Bernard Bolzano', 'Franz Brentano', 'Rene Descartes', 'David Hume', 'Immanuel Kant', 'Benno Kerry', 'Gottfried Wilhelm Leibniz', 'Hermann Lotze', 'Plato', 'Heinrich Rickert', 'Carl Stumpf', 'Karl Weierstrass', 'Wilhelm Windelband'],,,,,,,,,,,,,,,,,,,,,,,,
,,,,,,,,,,,,,,,,,,,,,,,,,,,,,,,,,,,,
Sigmund Freud,,,,,,,,,,,,,,,,,,,,,,,,,,,,,,,,,,,,
,,,,,,,,,,,,,,,,,,,,,,,,,,,,,,,,,,,,
[],,,,,,,,,,,,,,,,,,,,,,,,,,,,,,,,,,,,
,,,,,,,,,,,,,,,,,,,,,,,,,,,,,,,,,,,,
['Soren Kierkegaard',Friedrich Nietzsche',Plato'],,,,,,,,,,,,,,,,,,,,,,,,,,,,,,,,,,
,,,,,,,,,,,,,,,,,,,,,,,,,,,,,,,,,,,,
Adorno,,,,,,,,,,,,,,,,,,,,,,,,,,,,,,,,,,,,
,,,,,,,,,,,,,,,,,,,,,,,,,,,,,,,,,,,,
[],,,,,,,,,,,,,,,,,,,,,,,,,,,,,,,,,,,,
,,,,,,,,,,,,,,,,,,,,,,,,,,,,,,,,,,,,
['Immanuel Kant', 'Hegel', 'Soren Kierkegaard', 'Friedrich Nietzsche', 'Edmund Husserl', 'Karl Marx', 'Sigmund Freud', 'Georg Lukֳ¡cs', 'Ernst Bloch', 'Max Weber', 'Georg Simmel', 'Max Horkheimer', 'Hans Cornelius', 'Walter Benjamin', 'Arnold Schoenberg', 'Alban Berg', 'Charles Baudelaire', 'Marcel Proust', 'Franz Kafka', 'Oswald Spengler', 'Siegfried Kracauer', 'Thomas Mann'],,,,,,,,,,,,,,,
,,,,,,,,,,,,,,,,,,,,,,,,,,,,,,,,,,,,
Jean-Paul Sartre,,,,,,,,,,,,,,,,,,,,,,,,,,,,,,,,,,,,
,,,,,,,,,,,,,,,,,,,,,,,,,,,,,,,,,,,,
['Raymond Aron', 'Albert Camus', 'Simone de Beauvoir', 'Frantz Fanon', 'Che Guevara', 'R. D. Laing', 'Maurice Merleau-Ponty',, 'Gilles Deleuze', 'Francis Jeanson', 'Jacques Lacan', 'Harold Pinter', 'Jacques Ranciֳ¨re', 'Alain Badiou', 'Pierre Bourdieu', 'Judith Butler'],,,,,,,,,,,,,,,,,,,,,
,,,,,,,,,,,,,,,,,,,,,,,,,,,,,,,,,,,,
['Soren Kierkegaard', 'Simone de Beauvoir', 'Gustave Flaubert', 'Sigmund Freud', 'Hegel', 'Martin Heidegger', 'Edmund Husserl', 'Henri Bergson', 'Alexandre Kojֳ¨ve', 'Karl Marx', 'Maurice Merleau-Ponty', 'Friedrich Nietzsche', 'Paul-Yves Nizan', 'Emmanuel Levinas', 'Marcel Proust', 'Louis-Ferdinand Cֳ©line', 'Henri Lefebvre', 'Jean-Jacques Rousseau'],,,,,,,,,,,,,,,,,,,
,,,,,,,,,,,,,,,,,,,,,,,,,,,,,,,,,,,,
Walter Benjamin,,,,,,,,,,,,,,,,,,,,,,,,,,,,,,,,,,,,
,,,,,,,,,,,,,,,,,,,,,,,,,,,,,,,,,,,,
['Adorno',Hannah Arendt','Jacques Derrida'],,,,,,,,,,,,,,,,,,,,,,,,,,,,,,,,,,
,,,,,,,,,,,,,,,,,,,,,,,,,,,,,,,,,,,,
['Adorno',Franz Kafka','Karl Marx'],,,,,,,,,,,,,,,,,,,,,,,,,,,,,,,,,,
,,,,,,,,,,,,,,,,,,,,,,,,,,,,,,,,,,,,
Ludwig Wittgenstein,,,,,,,,,,,,,,,,,,,,,,,,,,,,,,,,,,,,
,,,,,,,,,,,,,,,,,,,,,,,,,,,,,,,,,,,,
['Alvin Plantinga', 'Rogers Albritton', 'Bertrand Russell', 'Norman Malcolm', 'G. E. Moore', 'Frank P. Ramsey', 'Vienna Circle', 'Rudolf Carnap', 'Alan Turing', 'G. E. M. Anscombe', 'Peter Geach', 'Barry Stroud', 'Crispin Wright', 'John McDowell', 'Duncan Pritchard', 'Daniel Dennett', 'Cora Diamond', 'Alice Crary', 'James F. Conant',, 'Gilbert Ryle', 'Saul Kripke', 'John Searle', 'Hans Sluga', 'Peter Hacker', 'Ian Hacking', 'Stephen Toulmin', 'Quentin Skinner', 'Paul Feyerabend', 'Jean-Franֳ§ois Lyotard', 'Richard Rorty', 'Jules Vuillemin', 'Jacques Bouveresse', 'Reuben Goodstein', 'Casimir Lewy', 'Thomas Kuhn'],
,,,,,,,,,,,,,,,,,,,,,,,,,,,,,,,,,,,,
['Gottlob Frege', 'Johann Wolfgang Goethe', 'Sֳ¸ren Kierkegaard', 'Fyodor Dostoyevsky', 'G. E. Moore', 'Frank P. Ramsey', 'Oswald Spengler', 'Ludwig Boltzmann', 'William James', 'Karl Kraus (writer)', 'Augustine of Hippo', 'Adolf Loos', 'Piero Sraffa', 'Otto Weininger', 'Bertrand Russell', 'Arthur Schopenhauer', 'Baruch Spinoza', 'Leo Tolstoy', 'L. E. J. Brouwer', 'Heinrich Hertz', 'Hermann von Helmholtz'],,,,,,,,,,,,,,,,
,,,,,,,,,,,,,,,,,,,,,,,,,,,,,,,,,,,,
Jacques Derrida,,,,,,,,,,,,,,,,,,,,,,,,,,,,,,,,,,,,
,,,,,,,,,,,,,,,,,,,,,,,,,,,,,,,,,,,,
['Gayatri Chakravorty Spivak', 'Paul de Man', 'Philippe Lacoue-Labarthe', 'Geoffrey Hartman', 'John D. Caputo', 'Judith Butler', 'Catherine Malabou', 'Bernard Stiegler',, 'Peter Rollins', 'Richard Rorty'],,,,,,,,,,,,,,,,,,,,,,,,,,
,,,,,,,,,,,,,,,,,,,,,,,,,,,,,,,,,,,,
['Plato', 'James Joyce', 'Friedrich Nietzsche', 'Ferdinand de Saussure', 'Martin Heidegger', 'Walter Benjamin', 'Emmanuel Levinas', 'Sigmund Freud', 'Edmund Husserl', 'Jean-Jacques Rousseau', 'Karl Marx', 'Claude Lֳ©vi-Strauss', 'Maurice Blanchot',Soren Kierkegaard', 'Hegel', 'Jean Genet', 'Franz Kafka'],,,,,,,,,,,,,,,,,,,,
,,,,,,,,,,,,,,,,,,,,,,,,,,,,,,,,,,,,
Michel Foucault,,,,,,,,,,,,,,,,,,,,,,,,,,,,,,,,,,,,
,,,,,,,,,,,,,,,,,,,,,,,,,,,,,,,,,,,,
['Edward Said'],,,,,,,,,,,,,,,,,,,,,,,,,,,,,,,,,,,,
,,,,,,,,,,,,,,,,,,,,,,,,,,,,,,,,,,,,
['Louis Althusser'],,,,,,,,,,,,,,,,,,,,,,,,,,,,,,,,,,,,
,,,,,,,,,,,,,,,,,,,,,,,,,,,,,,,,,,,,
Jacques Lacan,,,,,,,,,,,,,,,,,,,,,,,,,,,,,,,,,,,,
,,,,,,,,,,,,,,,,,,,,,,,,,,,,,,,,,,,,
['Alain Badiou', 'Louis Althusser', 'Luce Irigaray', 'Julia Kristeva', 'Jacques-Alain Miller', 'Slavoj Zizek', 'Elisabeth Roudinesco', 'Mari Ruti'],,,,,,,,,,,,,,,,,,,,,,,,,,,,,
,,,,,,,,,,,,,,,,,,,,,,,,,,,,,,,,,,,,
[ 'Claude Lévi-Strauss', 'Sigmund Freud', 'Hegel', 'Claude Lévi-Strauss', 'Salvador Dali', 'Georges Bataille'],,,,,,,,,,,,,,,,,,,,,,,,,,,,,,,
,,,,,,,,,,,,,,,,,,,,,,,,,,,,,,,,,,,,
Emmanuel Levinas,,,,,,,,,,,,,,,,,,,,,,,,,,,,,,,,,,,,
,,,,,,,,,,,,,,,,,,,,,,,,,,,,,,,,,,,,
['Giorgio Agamben', 'Zygmunt Bauman', 'Robert Bernasconi', 'Maurice Blanchot', 'Judith Butler', 'Simon Critchley', 'Jacques Derrida', 'Enrique Dussel', 'Alain Finkielkraut', 'Bernard-Henri Lֳ©vy', 'Jean-Luc Marion', 'Hilary Putnam', 'Paul Ricoeur', 'Avital Ronell'],,,,,,,,,,,,,,,,,,,,,,,
,,,,,,,,,,,,,,,,,,,,,,,,,,,,,,,,,,,,
['Henri Bergson', 'Martin Buber', 'Monsieur Chouchani', 'Rene Descartes', 'Martin Heidegger', 'Edmund Husserl', 'Soren Kierkegaard', 'Maimonides', 'Gabriel Marcel', 'Franz Rosenzweig', 'Jean Wahl'],,,,,,,,,,,,,,,,,,,,,,,,,,
,,,,,,,,,,,,,,,,,,,,,,,,,,,,,,,,,,,,
Roland Barthes,,,,,,,,,,,,,,,,,,,,,,,,,,,,,,,,,,,,
,,,,,,,,,,,,,,,,,,,,,,,,,,,,,,,,,,,,
['Michel Foucault'],,,,,,,,,,,,,,,,,,,,,,,,,,,,,,,,,,,,
,,,,,,,,,,,,,,,,,,,,,,,,,,,,,,,,,,,,
['Ferdinand de Saussure'],,,,,,,,,,,,,,,,,,,,,,,,,,,,,,,,,,,,
,,,,,,,,,,,,,,,,,,,,,,,,,,,,,,,,,,,,
Louis Althusser,,,,,,,,,,,,,,,,,,,,,,,,,,,,,,,,,,,,
,,,,,,,,,,,,,,,,,,,,,,,,,,,,,,,,,,,,
['Nicos Poulantzas', 'Alain Badiou', 'Pierre Bourdieu', 'Giulio Angioni', 'Judith Butler', 'Gilles Deleuze', 'Michel Foucault', 'Slavoj Zizek', 'Dominique Lecourt', 'Pierre Macherey', 'Jacques-Alain Miller', 'Stephen Resnick', 'Richard D. Wolff', 'Anthony Giddens'],,,,,,,,,,,,,,,,,,,,,,,
,,,,,,,,,,,,,,,,,,,,,,,,,,,,,,,,,,,,
['Karl Marx', 'Gaston Bachelard', 'Georges Canguilhem',, 'Jacques Lacan', 'Sigmund Freud', 'Vladimir Lenin', 'Antonio Gramsci', 'Hegel',Niccolo Machiavelli', 'Baruch Spinoza', 'Jean-Jacques Rousseau'],,,,,,,,,,,,,,,,,,,,,,,,,
,,,,,,,,,,,,,,,,,,,,,,,,,,,,,,,,,,,,
Leo Strauss,,,,,,,,,,,,,,,,,,,,,,,,,,,,,,,,,,,,
,,,,,,,,,,,,,,,,,,,,,,,,,,,,,,,,,,,,
['Peter Berkowitz', 'Walter Berns', 'Seth Benardete', 'Allan Bloom', 'Joseph Cropsey', 'William Galston', 'Pierre Manent', 'Harry V. Jaffa', 'Alexandre Kojֳ¨ve', 'Mark Lilla', 'Harvey C. Mansfield', 'Ernest Fortin', 'Remi Brague', 'Thomas Pangle', 'Robert Pippin', 'Richard Rorty', 'Stanley Rosen', 'Carl Schmitt', 'Abram Shulsky', 'Muhsin Mahdi', 'Steven B. Smith (professor)', 'Eric Voegelin', 'Sheldon Wolin'],,,,,,,,,,,,,,
,,,,,,,,,,,,,,,,,,,,,,,,,,,,,,,,,,,,
['Socrates', 'Plato', 'Aristotle', 'Cicero', 'Al Farabi', 'Maimonides',Niccolo Machiavelli', 'Thomas Hobbes', 'Baruch Spinoza', 'Moses Mendelssohn', 'Gotthold Ephraim Lessing', 'Jean-Jacques Rousseau', 'Immanuel Kant', 'Franz Rosenzweig', 'Hegel', 'Friedrich Nietzsche', 'Martin Heidegger', 'Ernst Cassirer', 'Carl Schmitt', 'Eric Voegelin'],,,,,,,,,,,,,,,,,
,,,,,,,,,,,,,,,,,,,,,,,,,,,,,,,,,,,,
Immanuel Kant,,,,,,,,,,,,,,,,,,,,,,,,,,,,,,,,,,,,
,,,,,,,,,,,,,,,,,,,,,,,,,,,,,,,,,,,,
[],,,,,,,,,,,,,,,,,,,,,,,,,,,,,,,,,,,,
,,,,,,,,,,,,,,,,,,,,,,,,,,,,,,,,,,,,
[],,,,,,,,,,,,,,,,,,,,,,,,,,,,,,,,,,,,
,,,,,,,,,,,,,,,,,,,,,,,,,,,,,,,,,,,,
Socrates,,,,,,,,,,,,,,,,,,,,,,,,,,,,,,,,,,,,
,,,,,,,,,,,,,,,,,,,,,,,,,,,,,,,,,,,,
[],,,,,,,,,,,,,,,,,,,,,,,,,,,,,,,,,,,,
,,,,,,,,,,,,,,,,,,,,,,,,,,,,,,,,,,,,
[],,,,,,,,,,,,,,,,,,,,,,,,,,,,,,,,,,,,
,,,,,,,,,,,,,,,,,,,,,,,,,,,,,,,,,,,,
Aristotle,,,,,,,,,,,,,,,,,,,,,,,,,,,,,,,,,,,,
,,,,,,,,,,,,,,,,,,,,,,,,,,,,,,,,,,,,
[],,,,,,,,,,,,,,,,,,,,,,,,,,,,,,,,,,,,
,,,,,,,,,,,,,,,,,,,,,,,,,,,,,,,,,,,,
[],,,,,,,,,,,,,,,,,,,,,,,,,,,,,,,,,,,,
,,,,,,,,,,,,,,,,,,,,,,,,,,,,,,,,,,,,
Cicero,,,,,,,,,,,,,,,,,,,,,,,,,,,,,,,,,,,,
,,,,,,,,,,,,,,,,,,,,,,,,,,,,,,,,,,,,
[],,,,,,,,,,,,,,,,,,,,,,,,,,,,,,,,,,,,
,,,,,,,,,,,,,,,,,,,,,,,,,,,,,,,,,,,,
[],,,,,,,,,,,,,,,,,,,,,,,,,,,,,,,,,,,,
,,,,,,,,,,,,,,,,,,,,,,,,,,,,,,,,,,,,
Thomas Aquinas,,,,,,,,,,,,,,,,,,,,,,,,,,,,,,,,,,,,
,,,,,,,,,,,,,,,,,,,,,,,,,,,,,,,,,,,,
[],,,,,,,,,,,,,,,,,,,,,,,,,,,,,,,,,,,,
,,,,,,,,,,,,,,,,,,,,,,,,,,,,,,,,,,,,
[],,,,,,,,,,,,,,,,,,,,,,,,,,,,,,,,,,,,
,,,,,,,,,,,,,,,,,,,,,,,,,,,,,,,,,,,,
Francis Bacon,,,,,,,,,,,,,,,,,,,,,,,,,,,,,,,,,,,,
,,,,,,,,,,,,,,,,,,,,,,,,,,,,,,,,,,,,
[],,,,,,,,,,,,,,,,,,,,,,,,,,,,,,,,,,,,
,,,,,,,,,,,,,,,,,,,,,,,,,,,,,,,,,,,,
[],,,,,,,,,,,,,,,,,,,,,,,,,,,,,,,,,,,,
,,,,,,,,,,,,,,,,,,,,,,,,,,,,,,,,,,,,
Karl Marx,,,,,,,,,,,,,,,,,,,,,,,,,,,,,,,,,,,,
,,,,,,,,,,,,,,,,,,,,,,,,,,,,,,,,,,,,
[],,,,,,,,,,,,,,,,,,,,,,,,,,,,,,,,,,,,
,,,,,,,,,,,,,,,,,,,,,,,,,,,,,,,,,,,,
[],,,,,,,,,,,,,,,,,,,,,,,,,,,,,,,,,,,,
,,,,,,,,,,,,,,,,,,,,,,,,,,,,,,,,,,,,
Slavoj Zizek,,,,,,,,,,,,,,,,,,,,,,,,,,,,,,,,,,,,
,,,,,,,,,,,,,,,,,,,,,,,,,,,,,,,,,,,,
[],,,,,,,,,,,,,,,,,,,,,,,,,,,,,,,,,,,,
,,,,,,,,,,,,,,,,,,,,,,,,,,,,,,,,,,,,
[],,,,,,,,,,,,,,,,,,,,,,,,,,,,,,,,,,,,
,,,,,,,,,,,,,,,,,,,,,,,,,,,,,,,,,,,,
Immanuel Kant,,,,,,,,,,,,,,,,,,,,,,,,,,,,,,,,,,,,
,,,,,,,,,,,,,,,,,,,,,,,,,,,,,,,,,,,,
[],,,,,,,,,,,,,,,,,,,,,,,,,,,,,,,,,,,,
,,,,,,,,,,,,,,,,,,,,,,,,,,,,,,,,,,,,
[],,,,,,,,,,,,,,,,,,,,,,,,,,,,,,,,,,,,
